{
    "base:blue_lamp": "core:empty",
    "base:grass": "core:empty",
    "base:grass_block": "base:dirt.item",
    "base:green_lamp": "core:empty",
    "base:lamp": "core:empty",
    "base:leaves": {
        "loot_table": "voxelcraft:apple_drop"
    },
    "base:lightbulb": "core:empty",
    "base:red_lamp": "core:empty",
    "base:stone": "voxelcraft:cobblestone.item",
    "base:water": "core:empty",
    "voxelcraft:coal_ore": "voxelcraft:coal",
    "voxelcraft:crafting_table": "voxelcraft:crafting_table.item"
}