{
    "base:bazalt": -2,
    "base:blue_lamp": 20,
    "base:brick": 100,
    "base:dirt": 20,
    "base:flower": 5,
    "base:glass": 10,
    "base:grass": 5,
    "base:grass_block": 30,
    "base:green_lamp": 20,
    "base:lamp": 20,
    "base:leaves": 10,
    "base:lightbulb": 20,
    "base:metal": 100,
    "base:pane": 50,
    "base:pipe": 100,
    "base:planks": 20,
    "base:red_lamp": 20,
    "base:rust": 50,
    "base:sand": 15,
    "base:stone": 100,
    "base:torch": 5,
    "base:water": -2,
    "base:wood": 20,
    "base:wooden_door": 20,
    "voxelcraft:chest": 20,
    "voxelcraft:coal_ore": 100,
    "voxelcraft:cobblestone": 100,
    "voxelcraft:crafting_table": 30,
    "voxelcraft:furnace": 100,
    "voxelcraft:iron_ore": 100
}